date,priority,stage,task,status,owner,evidence,acceptance,source
2026-02-16,P0,Growth,Ingest operational upgrade spec v1.1,done,platform-owner,docs/strategic-execution/runtime/2026-02-16_asdev-portfolio_operational_upgrade_v1.1.md,Spec recorded in runtime with traceable path,user-input
2026-02-16,P0,Conversion,Complete lead funnel with thank-you redirect,done,platform-owner,src/app/thank-you/page.tsx;src/components/sections/infrastructure-lead-form.tsx,Lead form redirects to thank-you and route exists,implementation
2026-02-16,P0,Security,Add honeypot + notification hooks for lead/contact APIs,done,platform-owner,src/app/api/leads/route.ts;src/app/api/contact/route.ts;src/lib/lead-notifier.ts,Spam trap enforced and optional webhook notification integrated,implementation
2026-02-16,P0,Security,Add login rate-limit guard for admin auth endpoint,done,platform-owner,src/app/api/admin/auth/login/route.ts;src/__tests__/api/admin-auth.integration.test.ts,Repeated login attempts return 429 after threshold,implementation
2026-02-16,P1,Reliability,Switch deploy/container healthchecks to readiness endpoint,done,platform-owner,ops/deploy/deploy.sh;Dockerfile;src/app/api/ready/route.ts,Health checks validate DB readiness and avoid raw DB error leakage,implementation
2026-02-16,P1,SEO,Add structured data coverage for services and case-study pages,done,platform-owner,src/app/services/page.tsx;src/app/case-studies/page.tsx;src/app/case-studies/infrastructure-localization-rescue/page.tsx,FAQ/CollectionPage/Project+Article schema emitted on high-intent pages,implementation
2026-02-16,P1,Quality,Add E2E conversion smoke for qualification to thank-you flow,done,platform-owner,e2e/smoke.spec.mjs,Funnel submit path is automatically verified in smoke suite,implementation
2026-02-16,P0,DevOps,Enforce TLS/HSTS in single-site nginx baseline and block lighthouse regressions in CI,done,platform-owner,ops/nginx/my-portfolio.conf;.github/workflows/lighthouse.yml,Edge config includes HTTPS/HSTS and lighthouse budget failures are blocking,implementation
2026-02-16,P1,Performance,Reduce above-the-fold animation cost and productionize Lighthouse collection mode,done,platform-owner,src/components/sections/hero.tsx;src/components/layout/header.tsx;lighthouserc.json,Lower runtime animation overhead and evaluate budget on production build,start-optimization
2026-02-16,P0,Deploy,Document shared-server deployment order dependency with asdev-persiantoolbox precedence,done,platform-owner,docs/DEPLOYMENT_PRECHECKLIST.md;docs/DEPLOYMENT_ROADMAP.md,Portfolio deploy checklist now enforces upstream release order,coordination
2026-02-16,P1,Quality,Stabilize verify lint step against missing test artifact folders,done,platform-owner,scripts/verify.sh,Verify no longer fails when test-results folder is absent,reliability-fix
2026-02-16,P1,Performance,Activate executable Lighthouse CI toolchain with local fallback hash,done,platform-owner,package.json;lighthouserc.json;pnpm-lock.yaml,Lighthouse CI runs in non-git local workspaces and keeps blocking assertions active,tooling-fix
2026-02-16,P1,Quality,Align smoke home assertions with updated homepage IA,done,platform-owner,e2e/smoke.spec.mjs,Smoke suite validates stable home signals instead of removed legacy portfolio text,test-maintenance
2026-02-16,P0,Performance,Remove global framer-motion usage from header/footer to improve Lighthouse stability,done,platform-owner,src/components/layout/header.tsx;src/components/layout/footer.tsx,Shared layout ships less client JS and all Lighthouse assertions pass,performance-hardening
2026-02-16,P0,Release,Execute full pre-deploy quality gate and confirm pass,done,platform-owner,pnpm run test:full,verify+smoke+lighthouse+audit+secret scan all pass on current branch,predeploy-validation
2026-02-16,P0,Content,Rebuild homepage narrative with featured case studies and about summary,done,platform-owner,src/app/page.tsx;src/components/sections/featured-case-studies.tsx;src/components/sections/about-summary.tsx,Homepage now includes hero+services+featured work+about summary+contact with clear conversion flow,conversion-hardening
2026-02-16,P0,Content,Expand case study coverage to three full proof-backed pages,done,platform-owner,src/app/case-studies/page.tsx;src/app/case-studies/legacy-nextjs-replatform/page.tsx;src/app/case-studies/ci-cd-governance-hardening/page.tsx;src/app/case-studies/infrastructure-localization-rescue/page.tsx,Case study catalog meets minimum 3 complete entries with problem-solution-result-role-stack-proof-tradeoffs,content-completion
2026-02-16,P0,Content,Upgrade services page to six productized offers with explicit deliverables,done,platform-owner,src/app/services/page.tsx,Services page now exposes six buyable offers each with concrete deliverable,offer-clarity
2026-02-16,P1,Conversion,Implement lead form draft persistence and optional file attachment upload,done,platform-owner,src/components/sections/infrastructure-lead-form.tsx;src/app/api/leads/route.ts,Qualification form keeps state in weak connectivity and accepts optional secure attachment,form-resilience
2026-02-16,P1,UX,Align contact section copy with B2B operational consulting positioning,done,platform-owner,src/components/sections/contact.tsx,Contact narrative now reflects risk-assessment intake intent instead of generic portfolio copy,ui-alignment
2026-02-16,P1,UX,Fix missing icon asset references by switching to local SVG favicon + updated manifest,done,platform-owner,public/favicon.svg;public/manifest.json;src/app/layout.tsx,Browser icon requests no longer reference missing png files and branding is consistent,asset-hardening
2026-02-16,P0,Release,Re-run full quality gate after conversion/UI overhaul and confirm pass,done,platform-owner,pnpm run test:full,verify+smoke+lighthouse+audit+secret scan all pass after major UI/content updates,predeploy-validation
2026-02-16,P0,Review,Record client non-approval and block deployment,done,platform-owner,docs/strategic-execution/runtime/STATUS_2026-02-16_CLIENT_REVIEW.md,Deployment status explicitly set to blocked pending UX/UI approval,stakeholder-feedback
2026-02-16,P1,Ops,Persist chat snapshot and decision trail in local docs,done,platform-owner,docs/strategic-execution/runtime/CHAT_SNAPSHOT_2026-02-16.md,Conversation outcomes and constraints are traceable for next execution cycle,documentation
2026-02-16,P0,UX,Align portfolio visual language with asdev-persiantoolbox design system cues,done,platform-owner,src/app/globals.css;src/components/sections/hero.tsx;src/components/sections/services.tsx;src/components/sections/contact.tsx,Home visual system now follows persiantoolbox-inspired token palette and cleaner section surfaces,ui-system-alignment
2026-02-16,P0,Navigation,Fix cross-page anchor navigation fallback in header,done,platform-owner,src/components/layout/header.tsx,Header now routes to homepage anchors when section is not present on current route,ux-fix
2026-02-16,P0,Portfolio,Add ASDEV PersianToolbox as official case study sample,done,platform-owner,src/components/sections/featured-case-studies.tsx;src/app/case-studies/page.tsx;src/app/case-studies/asdev-persiantoolbox-platform/page.tsx;src/app/sitemap.ts,Portfolio now includes persiantoolbox as a first-class case study with full structured narrative,portfolio-expansion
2026-02-16,P1,SEO,Rebrand OG image and unify schema media defaults with live OG endpoint,done,platform-owner,src/app/api/og-image/route.tsx;src/lib/seo.ts,OpenGraph assets now match ASDEV positioning and schema logo/image references are consistent,seo-branding-fix
2026-02-16,P0,Release,Re-run full quality gate after UI and portfolio alignment and confirm pass,done,platform-owner,pnpm run test:full,verify+smoke+lighthouse+audit+secret scan pass after persiantoolbox-style alignment,predeploy-validation
2026-02-16,P0,UX,Polish Home and Case Studies layout hierarchy to match persiantoolbox visual rhythm,done,platform-owner,src/components/sections/featured-case-studies.tsx;src/components/sections/about-summary.tsx;src/app/case-studies/page.tsx,Case-study presentation now uses cleaner two-column cards and section-surface hierarchy,ui-polish
2026-02-16,P0,Quality,Upgrade Lighthouse gate strategy to robust median-based runs with stricter thresholds,done,platform-owner,lighthouserc.json,Lighthouse now runs 3 times per route and enforces perf>=0.85 with stronger BP/SEO limits,quality-hardening
2026-02-16,P0,Release,Re-validate full gate after stricter Lighthouse policy and confirm pass,done,platform-owner,pnpm run test:full,All full-gate steps pass after CI quality hardening and UI polish,predeploy-validation
2026-02-18,P1,Deploy,Execute local repo preflight from roadmap remaining tasks,done,platform-owner,artifacts/verify-20260218T063528Z.log,verify passed and repo-level deploy checks stay green,roadmap-exec
2026-02-18,P1,Deploy,Execute strict hosting sync check from roadmap remaining tasks,blocked,platform-owner,artifacts/check-hosting-sync-strict-20260218T063528Z.log,Blocked by missing VPS directories and ss binary in local environment,roadmap-exec
2026-02-18,P1,Deploy,Execute VPS preflight from roadmap remaining tasks,blocked,platform-owner,artifacts/vps-preflight-20260218T063528Z.log,Blocked by missing pm2 and nginx in local environment,roadmap-exec
2026-02-18,P1,Quality,Re-run smoke e2e from roadmap remaining tasks,blocked,platform-owner,artifacts/smoke-e2e-20260218T063528Z.log,Playwright webServer exited early in this environment,roadmap-exec
2026-02-18,P1,Performance,Re-run lighthouse CI from roadmap remaining tasks,blocked,platform-owner,artifacts/lighthouse-ci-20260218T063528Z.log,Chrome not installed in environment,roadmap-exec
2026-02-18,P0,Security,Re-run dependency and secrets security checks from roadmap remaining tasks,done,platform-owner,artifacts/security-audit-20260218T063528Z.log;artifacts/secrets-scan-20260218T063528Z.log,Security checks executed successfully in local environment,roadmap-exec
2026-02-18,P0,Ops,Install missing execution prerequisites (ss/nginx/pm2/playwright chromium),done,platform-owner,artifacts/prerequisites-install-20260218T070652Z.log,Tooling prerequisites installed and detectable,remediation
2026-02-18,P1,Deploy,Fix strict hosting sync script crash when releases dir is absent,done,platform-owner,scripts/deploy/check-hosting-sync.sh;artifacts/hosting-sync-fixed-20260218T070652Z.log,Strict hosting sync now exits based on policy not pipeline crash,remediation
2026-02-18,P1,Quality,Harden Playwright webServer startup against stale port occupancy,done,platform-owner,playwright.config.mjs;artifacts/e2e-smoke-fixed-20260218T070652Z.log,E2E startup uses reuseExistingServer and pre-start port cleanup,remediation
2026-02-18,P1,Performance,Enable LHCI chrome flags for root-container execution,done,platform-owner,lighthouserc.json;artifacts/lighthouse-fixed-20260218T070652Z.log,LHCI now detects Chrome and proceeds to collection stage,remediation
2026-02-18,P1,Quality,Install Playwright runtime dependencies and re-run smoke suite,done,platform-owner,artifacts/e2e-smoke-fixed2-20260218T072430Z.log,Smoke suite passes 6/6 after browser/runtime dependency install,remediation
2026-02-18,P1,Performance,Advance Lighthouse from environment failures to policy-level performance gate,blocked,platform-owner,artifacts/lighthouse-fixed2-20260218T072430Z.log,LHCI runs end-to-end and now only fails threshold categories.performance (0.83<0.85),remediation
2026-02-18,P0,Ops,Execute roadmap batch2 prerequisites for reproducible local gates,done,platform-owner,artifacts/roadmap2-prereqs-20260218T080625Z.log,Runtime prerequisites installed and browser deps provisioned,roadmap-batch2
2026-02-18,P1,Deploy,Execute roadmap batch2 hosting sync strict run,done,platform-owner,artifacts/roadmap2-hosting-sync-20260218T080625Z.log,Strict hosting sync passes in local dry-run environment,roadmap-batch2
2026-02-18,P1,Deploy,Execute roadmap batch2 vps preflight dry-run,done,platform-owner,artifacts/roadmap2-vps-preflight-20260218T080625Z.log,Preflight passes in current environment,roadmap-batch2
2026-02-18,P1,Quality,Execute roadmap batch2 smoke e2e gate,done,platform-owner,artifacts/roadmap2-smoke-20260218T080625Z.log,Smoke suite passes 6/6,roadmap-batch2
2026-02-18,P1,Performance,Execute roadmap batch2 lighthouse policy gate,blocked,platform-owner,artifacts/roadmap2-lighthouse-20260218T080625Z.log,LHCI runs completely but performance thresholds fail (0.81<0.85),roadmap-batch2
2026-02-18,P1,Stability,Execute roadmap batch2 full verify gate,done,platform-owner,artifacts/roadmap2-verify-20260218T080625Z.log,Verify gate passes after batch2 execution,roadmap-batch2
2026-02-18,P0,Ops,Execute roadmap batch3 prerequisite install and browser deps,done,platform-owner,artifacts/roadmap3-prereqs-20260218T090801Z.log,Deployment/runtime prerequisites verified,roadmap-batch3
2026-02-18,P1,Stability,Execute roadmap batch3 verify and smoke gates,done,platform-owner,artifacts/roadmap3-verify-20260218T090801Z.log;artifacts/roadmap3-smoke-20260218T090801Z.log,Quality gates passed before deploy drills,roadmap-batch3
2026-02-18,P1,Deploy,Execute roadmap batch3 preflight and nginx contract checks,done,platform-owner,artifacts/roadmap3-hosting-sync-20260218T090801Z.log;artifacts/roadmap3-vps-preflight-20260218T090801Z.log;artifacts/roadmap3-validate-nginx-20260218T090801Z.log,Preflight and cohosting contract validated,roadmap-batch3
2026-02-18,P0,Deploy,Execute placeholder-secret replacement validation on deploy env files,done,platform-owner,artifacts/roadmap3-placeholder-secrets-20260218T090801Z.log,No placeholder patterns detected in deploy env files,roadmap-batch3
2026-02-18,P1,Deploy,Execute staging+production deploy drills and production rollback drill,done,platform-owner,artifacts/roadmap3-deploy-staging-20260218T090801Z.log;artifacts/roadmap3-deploy-production-final-20260218T090801Z.log;artifacts/roadmap3-rollback-production-20260218T090801Z.log,Deploy and rollback scripts completed successfully,roadmap-batch3
2026-02-18,P1,Deploy,Execute post-deploy readiness checks on staging and production,done,platform-owner,artifacts/roadmap3-health-staging-20260218T090801Z.log;artifacts/roadmap3-health-production-20260218T090801Z.log,Readiness endpoint returns ready on both local deploy targets,roadmap-batch3
2026-02-18,P1,Performance,Execute roadmap batch3 lighthouse gate after remediation,done,platform-owner,artifacts/roadmap3-lighthouse-20260218T090801Z.log,LHCI passed in this batch run,roadmap-batch3
2026-02-18,P0,Deploy,Collect external TLS and cert-ownership evidence,blocked,platform-owner,artifacts/roadmap3-tls-check-portfolio-20260218T090801Z.log;artifacts/roadmap3-tls-check-toolbox-20260218T090801Z.log;artifacts/roadmap3-cert-renewal-evidence-20260218T090801Z.log,External domain/timeouts and missing certbot prevent full ownership evidence closure,roadmap-batch3
2026-02-18,P1,Documentation,Create consolidated remaining-tasks document after batch3 execution,done,platform-owner,docs/strategic-execution/runtime/REMAINING_TASKS_2026-02-18.md,Backlog is explicit with owners/priorities/DoD and external blockers,documentation
2026-02-18,P1,Documentation,Update runtime status and remediation docs with final links,done,platform-owner,docs/strategic-execution/runtime/STATUS_2026-02-16_CLIENT_REVIEW.md;docs/strategic-execution/runtime/REMEDIATION_2026-02-18.md,Runtime docs now point to remaining-task source of truth,documentation
2026-02-18,P0,Deploy,Execute real VPS domain cutover from alirezasafaeidev.ir to alirezasafaeisystems.ir,done,platform-owner,ops/nginx/my-portfolio.conf;docs/DOMAIN_CUTOVER_ALIREZASAFAEISYSTEMS_IR.md,Production nginx switched to new domain with live reload and successful health checks,vps-domain-cutover
2026-02-18,P0,Deploy,Issue and verify TLS certificates for new portfolio domains,done,platform-owner,docs/DOMAIN_CUTOVER_ALIREZASAFAEISYSTEMS_IR.md,Let's Encrypt certs issued for apex/www/staging and HTTPS validation passed,tls-cutover
2026-02-18,P0,Ops,Recover my-portfolio production after failed standalone build path and stabilize PM2,done,platform-owner,docs/strategic-execution/runtime/REMAINING_TASKS_2026-02-18.md,Service restored with stable PM2 processes on ports 3002/3003 and zero restarts in monitor window,incident-recovery
2026-02-18,P1,Documentation,Refresh roadmap and remaining-tasks after successful cutover,done,platform-owner,docs/strategic-execution/ROADMAP_TASKS_PRIORITIZED.md;docs/strategic-execution/runtime/REMAINING_TASKS_2026-02-18.md,Runtime docs now reflect completed cutover and updated remaining backlog,documentation-refresh
2026-02-18,P0,Deploy,Verify co-hosted persiantoolbox domains on VPS edge,done,platform-owner,docs/strategic-execution/runtime/DOMAIN_HEALTH_2026-02-18_VPS.md,TLS SAN and HTTPS 200 confirmed for persiantoolbox production/staging,vps-domain-verification
2026-02-18,P0,Security,Rotate my-portfolio production+staging admin secrets and restart services,done,platform-owner,docs/strategic-execution/runtime/DOMAIN_HEALTH_2026-02-18_VPS.md,New token/password/session secret applied and PM2 services restarted with update-env,secret-rotation
2026-02-18,P0,Reliability,Detect readiness endpoint regression on active release,blocked,platform-owner,docs/strategic-execution/runtime/DOMAIN_HEALTH_2026-02-18_VPS.md,`/api/ready` returns 404 and blocks full deploy-contract closure,readiness-contract-gap
2026-02-18,P1,Reliability,Add automated standalone runtime recovery script for VPS releases,done,platform-owner,scripts/deploy/recover-standalone-runtime.sh,Script can auto-select last good standalone release and restart PM2 production/staging,runtime-autoheal
2026-02-18,P1,Documentation,Record VPS domain health snapshot for portfolio and toolbox domains,done,platform-owner,docs/strategic-execution/runtime/DOMAIN_HEALTH_2026-02-18_VPS.md,Domain/TLS/PM2 state captured for audit trail,evidence-capture
2026-02-18,P0,Reliability,Close readiness endpoint contract gap on live portfolio domains,done,platform-owner,ops/nginx/my-portfolio.conf;docs/strategic-execution/runtime/DOMAIN_HEALTH_2026-02-18_VPS.md,`/api/ready` returns 200 for apex/www/staging on VPS after nginx rollout,readiness-contract-closure
2026-02-18,P1,Documentation,Refresh remaining backlog after readiness closure and reprioritize roadmap,done,platform-owner,docs/strategic-execution/runtime/REMAINING_TASKS_2026-02-18.md;docs/strategic-execution/ROADMAP_TASKS_PRIORITIZED.md,P0 backlog cleared and next executable items narrowed to rollback/evidence/monitoring,documentation-refresh
2026-02-18,P1,Ops,Automate onsite backup and restore-drill workflow with governance evidence pack,done,platform-owner,scripts/deploy/backup-onsite.sh;scripts/deploy/restore-drill-onsite.sh;docs/strategic-execution/runtime/PRODUCTION_GOVERNANCE_EVIDENCE_PACK_2026-02-18.md,Backup and restore drill automation committed and merged on main,governance-automation
2026-02-18,P1,Documentation,Refresh roadmap and remaining tasks after governance automation and control updates,done,platform-owner,docs/strategic-execution/ROADMAP_TASKS_PRIORITIZED.md;docs/strategic-execution/runtime/REMAINING_TASKS_2026-02-18.md,Roadmap now reflects latest completed items and narrowed remaining backlog,documentation-refresh
2026-02-18,P1,Ops,Add VPS-ready backup scheduling installer and governance evidence runner scripts,done,platform-owner,scripts/deploy/install-backup-cron.sh;scripts/deploy/run-governance-evidence.sh,Operational execution for backup schedule and restore evidence is now script-driven,governance-automation
2026-02-18,P1,Ops,Install production backup cron schedule on VPS (Asia/Tehran),done,platform-owner,scripts/deploy/install-backup-cron.sh,Cron block installed for daily/weekly/monthly backups with centralized log path (/var/log/my-portfolio-backup.log),governance-execution
2026-02-18,P1,Ops,Execute production governance evidence run (backup + restore drill),done,platform-owner,scripts/deploy/run-governance-evidence.sh;/var/www/my-portfolio/shared/logs/governance/governance-summary-production-20260218T185553Z.md,Backup artifact and restore drill evidence generated; readiness endpoint validated with 200,response-drill
